performer,date,content
"Nitzsche, Wyman and Schamberger",12/1/19,Synchronised didactic moderator
Lynch Inc,12/2/19,Multi-tiered 3rd generation encryption
"Armstrong, Hoeger and Lind",12/3/19,Up-sized logistical core
Mills-Price,12/4/19,Enhanced web-enabled flexibility
Fadel and Sons,12/5/19,Self-enabling composite interface
Lynch-Hansen,12/6/19,Advanced executive benchmark
O'Connell-Lind,12/7/19,Monitored foreground complexity
Herman Inc,12/8/19,Face to face holistic methodology
"Jacobs, O'Kon and Hessel",12/9/19,Public-key explicit success
"Nader, Beer and Hackett",12/10/19,Proactive incremental policy
Gusikowski Inc,12/11/19,Multi-lateral systematic product
Wehner-Kemmer,12/12/19,Automated bandwidth-monitored contingency
Douglas and Sons,12/13/19,Synergistic asymmetric artificial intelligence
Hintz-Little,12/14/19,Progressive didactic solution
"Gottlieb, Dach and Ankunding",12/15/19,Distributed mobile analyzer
"Lebsack, Gislason and Kovacek",12/16/19,Triple-buffered contextually-based internet solution
"Raynor, Anderson and Glover",12/17/19,Managed grid-enabled hardware
Walker Group,12/18/19,Programmable 24 hour matrix
Bednar-Little,12/19/19,Cross-platform fault-tolerant workforce
Okuneva-Osinski,12/20/19,Seamless national help-desk
Fisher-Mitchell,12/21/19,Multi-tiered static infrastructure
"Mraz, Schimmel and Buckridge",12/22/19,Re-engineered national capacity
"Lesch, Bode and Wehner",12/23/19,Total disintermediate projection
Volkman Inc,12/24/19,Team-oriented interactive product
Rolfson-Schmeler,12/25/19,Face to face solution-oriented attitude
Nitzsche LLC,12/26/19,Digitized analyzing methodology
Bartoletti-Emard,12/27/19,Enterprise-wide modular paradigm
Okuneva-Huels,12/28/19,Programmable bi-directional capacity
"Langosh, McCullough and Crooks",12/29/19,Upgradable 24 hour benchmark
"Kling, Feest and Legros",12/30/19,User-friendly foreground adapter
Kassulke-Hammes,12/31/19,Up-sized global initiative
Klein Inc,1/1/20,Integrated analyzing framework
Hilpert and Sons,1/2/20,Future-proofed holistic website
Ondricka LLC,1/3/20,Down-sized encompassing analyzer
"Koch, Emard and Casper",1/4/20,Total tangible firmware
Klocko-Corwin,1/5/20,Customizable 24 hour info-mediaries
"McDermott, Mitchell and Schowalter",1/6/20,Multi-lateral contextually-based installation
Nolan-Schaefer,1/7/20,Centralized 24/7 core
Cronin-Lueilwitz,1/8/20,Face to face human-resource contingency
Leffler-Purdy,1/9/20,Optimized coherent definition
"Tromp, Grady and Gleason",1/10/20,Polarised responsive hardware
"Hand, Turner and Klein",1/11/20,Decentralized dynamic paradigm
Jaskolski-Jast,1/12/20,Multi-lateral well-modulated customer loyalty
Beer LLC,1/13/20,Focused non-volatile paradigm
Fadel-Green,1/14/20,Customer-focused zero tolerance moderator
"Leannon, Kihn and Runolfsdottir",1/15/20,Robust fresh-thinking emulation
"Green, Gutmann and Schuster",1/16/20,Multi-channelled human-resource info-mediaries
Nolan-McDermott,1/17/20,Optional human-resource synergy
"Feest, Breitenberg and Kassulke",1/18/20,Multi-channelled asynchronous utilisation
Skiles Group,1/19/20,Mandatory even-keeled circuit